{
    "SSp-bfd": {
        "L23_BP": {
            "basal_dendrite": {
                "filtration_metric": "path_distances",
                "min_bar_length": 21.0224791765213,
                "num_trees": {
                    "data": {
                        "bins": [
                            2
                        ],
                        "weights": [
                            1
                        ]
                    }
                },
                "persistence_diagram": [
                    [
                        [
                            67.48410505056381,
                            41.87480574846268,
                            -0.1680891513824463,
                            -0.2674752473831177,
                            -0.24211359024047852,
                            0.2791757583618164
                        ],
                        [
                            72.9330440685153,
                            5.386355996131897,
                            0.0022104978561401367,
                            0.771230936050415,
                            -0.12164461612701416,
                            -0.6039224863052368
                        ],
                        [
                            78.68561041355133,
                            0,
                            NaN,
                            NaN,
                            NaN,
                            NaN
                        ]
                    ],
                    [
                        [
                            78.53691589832306,
                            57.51443672180176,
                            -0.29100751876831055,
                            0.43164658546447754,
                            0.6441000699996948,
                            -0.3896946907043457
                        ],
                        [
                            57.61771202087402,
                            36.44514203071594,
                            -0.03003513813018799,
                            -0.5885685682296753,
                            1.811668872833252,
                            -1.1185128688812256
                        ],
                        [
                            95.88283491134644,
                            25.79793620109558,
                            -0.020591020584106445,
                            1.0066545009613037,
                            0.32578742504119873,
                            -0.5088040828704834
                        ],
                        [
                            102.09485268592834,
                            0,
                            NaN,
                            NaN,
                            NaN,
                            NaN
                        ]
                    ]
                ],
                "trunk": {
                    "absolute_elevation_deviation": {
                        "data": {
                            "bins": [
                                -0.6665070363872818,
                                -0.5950298122887756,
                                -0.5235525881902692,
                                -0.45207536409176285,
                                -0.38059813999325653,
                                -0.3091209158947502,
                                -0.23764369179624384,
                                -0.16616646769773752,
                                -0.0946892435992312,
                                -0.02321201950072488,
                                0.04826520459778144,
                                0.11974242869628782,
                                0.1912196527947942,
                                0.2626968768933005,
                                0.3341741009918068,
                                0.4056513250903131,
                                0.47712854918881953,
                                0.5486057732873258,
                                0.6200829973858322,
                                0.6915602214843385,
                                0.7630374455828448,
                                0.8345146696813511,
                                0.9059918937798574,
                                0.9774691178783639,
                                1.04894634197687,
                                1.1204235660753765,
                                1.191900790173883,
                                1.2633780142723892,
                                1.3348552383708954,
                                1.4063324624694018
                            ],
                            "weights": [
                                1,
                                0,
                                0,
                                0,
                                0,
                                0,
                                0,
                                0,
                                0,
                                0,
                                0,
                                0,
                                0,
                                0,
                                0,
                                0,
                                0,
                                0,
                                0,
                                0,
                                0,
                                0,
                                0,
                                0,
                                0,
                                0,
                                0,
                                0,
                                0,
                                1
                            ]
                        }
                    },
                    "azimuth": {
                        "uniform": {
                            "max": 0.0,
                            "min": 3.141592653589793
                        }
                    },
                    "orientation_deviation": {
                        "data": {
                            "bins": [
                                2.585924334115673,
                                2.6192576674490065,
                                2.6525910007823397,
                                2.685924334115673,
                                2.719257667449006,
                                2.7525910007823393,
                                2.785924334115673,
                                2.819257667449006,
                                2.8525910007823394,
                                2.885924334115673,
                                2.9192576674490063,
                                2.9525910007823395,
                                2.9859243341156727,
                                3.019257667449006,
                                3.0525910007823396,
                                3.085924334115673,
                                3.1192576674490065,
                                3.1525910007823397,
                                3.185924334115673,
                                3.219257667449006,
                                3.2525910007823393,
                                3.2859243341156725,
                                3.319257667449006,
                                3.35259100078234,
                                3.385924334115673,
                                3.4192576674490063,
                                3.4525910007823395,
                                3.4859243341156727,
                                3.519257667449006,
                                3.5525910007823396
                            ],