{
    "SSp-bfd": {
        "L4_BP": {
            "basal_dendrite": {
                "filtration_metric": "path_distances",
                "min_bar_length": 5.457616697996855,
                "num_trees": {
                    "data": {
                        "bins": [
                            1
                        ],
                        "weights": [
                            2
                        ]
                    }
                },
                "persistence_diagram": [
                    [
                        [
                            769.6597603857517,
                            763.037766367197,
                            0.01171112060546875,
                            0.04464912414550781,
                            -0.02514505386352539,
                            -0.09428751468658447
                        ],
                        [
                            769.6597408354282,
                            763.0377506315708,
                            0.02103447914123535,
                            -0.10880589485168457,
                            -0.043300628662109375,
                            0.24353384971618652
                        ],
                        [
                            659.1950371265411,
                            652.573041677475,
                            -0.0021439194679260254,
                            -0.001285552978515625,
                            0.00562773272395134,
                            0.0033502578735351562
                        ],
                        [
                            624.2086216509342,
                            596.3738611936569,
                            -0.19422006607055664,
                            -0.4001326560974121,
                            0.5180220603942871,
                            -0.01720130443572998
                        ],
                        [
                            603.4794892072678,
                            588.8428999185562,
                            -0.012371540069580078,
                            0.08908259868621826,
                            4.382724761962891,
                            -0.19145619869232178
                        ],
                        [
                            815.6483300328255,
                            809.0263503193855,
                            0.02901884913444519,
                            -0.03507792949676514,
                            -0.062146544456481934,
                            0.07827502489089966
                        ],
                        [
                            822.2703722119331,
                            815.648346722126,
                            0.2552875280380249,
                            0.12593847513198853,
                            -1.1693092584609985,
                            -0.21810507774353027
                        ],
                        [
                            650.0983794331551,
                            643.4763711094856,
                            0.5613240599632263,
                            0.08875089883804321,
                            -1.3445661067962646,
                            0.05642223358154297
                        ],
                        [
                            650.0982759594917,
                            643.4762805104256,
                            -0.06136035919189453,
                            0.1166912317276001,
                            0.15929508209228516,
                            -0.2768203020095825
                        ],
                        [
                            769.6597441732883,
                            663.70773640275,
                            -0.1343703269958496,
                            0.30313313007354736,
                            -0.02110457420349121,
                            -0.26516151428222656
                        ],
                        [
                            639.3290460109711,
                            632.7070410251617,
                            -0.4275858402252197,
                            -0.6434952020645142,
                            2.296844959259033,
                            0.6486068964004517
                        ],
                        [
                            624.2646964788437,
                            504.92892932891846,
                            0.11644387245178223,
                            0.0032851696014404297,
                            -0.44618356227874756,
                            0.7441462278366089
                        ],
                        [
                            815.6483777165413,
                            716.318364918232,
                            -0.47308292984962463,
                            0.1010141372680664,
                            -0.020356744527816772,
                            -0.30467987060546875
                        ],
                        [
                            650.0982955098152,
                            550.7683365941048,
                            0.012912511825561523,
                            0.041200339794158936,
                            0.19377124309539795,
                            0.24260610342025757
                        ],
                        [
                            659.1950423717499,
                            225.93044292926788,
                            0.00522303581237793,
                            0.17112183570861816,
                            -0.9542452096939087,
                            -0.638321042060852
                        ],
                        [
                            650.0983994603157,
                            252.77836591005325,
                            -0.5200967788696289,
                            -0.10964387655258179,
                            1.6818559169769287,
                            -0.07238966226577759
                        ],
                        [
                            769.6597675383091,
                            166.66874718666077,
                            0.03175497055053711,
                            -0.08839106559753418,
                            0.5796980857849121,
                            -0.4589093327522278
                        ],
                        [
                            40.806439846754074,
                            13.58328652381897,
                            -0.19265615940093994,
                            -0.23463308811187744,
                            0.824876606464386,
                            0.009597301483154297
                        ],
                        [
                            822.2703836560249,
                            0,
                            NaN,
                            NaN,
                            NaN,
                            NaN
                        ]
                    ],
                    [
                        [
                            214.00906290113926,
                            205.9819459952414,
                            0.16862618923187256,
                            -0.15287339687347412,
                            -0.3877835273742676,
                            0.27162599563598633
                        ],
                        [
                            105.05378475412726,
                            99.59616805613041,
                            -0.07537472248077393,
                            0.3106551170349121,
                            1.8003473281860352,
                            -0.1989154815673828
                        ],
                        [
                            125.15691189095378,
                            92.14430789649487,
                            -0.04481375217437744,
                            0.04242837429046631,
                            0.45830297470092773,
